{"pa":{"CBF":[0.002897640557247787,0.0034951602025539547,0.004096124881099239,0.004704757727981199,0.005316988279532218,0.005928814365280186,0.006536246439650508,0.007135248197392189,0.0077217057040176364,0.008291418848630194,0.008840115811001222,0.009363493721586203,0.009857289569540538,0.010317385174645408,0.01073994834374894,0.011121608606122388,0.011459659737158706,0.011752272836348193,0.011998694434315903,0.012199396933813441,0.01235614767925413,0.012471971496965245,0.012550999884632909,0.012598223607237726,0.012619186122012698,0.012619665280387202,0.012605387152350416,0.012581801670446278,0.012553931803587399,0.012526292510028703,0.012502866179888463,0.012487117846947563,0.01248203440852895,0.012490175295484119,0.012513725801790651,0.012554547648220381,0.012614223938453946,0.012694097446682645,0.012795302290821306,0.01291878967124879,0.013065348649049824,0.013235623016839768,0.013430125272093984,0.013649248569646827,0.0138932773855145,0.014162397432769855,0.014456705215268312,0.014776217440116084,0.015120880383088384,0.015490579197832895],"P_a":[20,22.653061224489797,25.306122448979593,27.959183673469386,30.612244897959183,33.265306122448976,35.91836734693877,38.57142857142857,41.224489795918366,43.87755102040816,46.53061224489796,49.183673469387756,51.836734693877546,54.48979591836734,57.14285714285714,59.795918367346935,62.44897959183673,65.10204081632654,67.75510204081633,70.40816326530611,73.06122448979592,75.71428571428571,78.36734693877551,81.0204081632653,83.67346938775509,86.3265306122449,88.97959183673468,91.63265306122449,94.28571428571428,96.93877551020408,99.59183673469387,102.24489795918367,104.89795918367346,107.55102040816325,110.20408163265306,112.85714285714285,115.51020408163265,118.16326530612244,120.81632653061224,123.46938775510203,126.12244897959184,128.77551020408163,131.42857142857142,134.0816326530612,136.73469387755102,139.3877551020408,142.0408163265306,144.69387755102042,147.34693877551018,150],"t":[99,199,299,399,499,599,699,799,899,999,1099,1199,1299,1399,1499,1599,1699,1799,1899,1999,2099,2199,2299,2399,2499,2599,2699,2799,2899,2999,3099,3199,3299,3399,3499,3599,3699,3799,3899,3999,4099,4199,4299,4399,4499,4599,4699,4799,4899,4999]},"paco2":{"CBF":[0.006939508037586868,0.007061014693591773,0.007191060843654047,0.00733025179293441,0.007479148756044991,0.007638339703609193,0.007808440185711868,0.007990093689333205,0.008183971700376845,0.008390773346373233,0.008611224454338654,0.008846075811340984,0.009096100351659682,0.009362088923932003,0.009644844200494551,0.009945172192736829,0.010263870721548586,0.010601714078551767,0.010959433009680965,0.011337689085102767,0.011737042532006216,0.012157912753292843,0.012600531121874158,0.013064886317578548,0.013550663562566675,0.014057180663689706,0.014583325746446262,0.015127503748277028,0.015687600656164584,0.016260975410414488,0.01684448851070444,0.017434573015715146,0.018027347803255402,0.01861876561535926,0.01920478140973354,0.019781522058086976,0.020345438030329788,0.020893421537376278,0.02142288236383698,0.021931780150647777,0.022418618168878267,0.022882407485019792,0.02332261169654723,0.023739081687366728,0.02413198797229074,0.024501755948925667,0.02484900728311861,0.025174508987169143,0.025479130567736465,0.02576380887942749],"Pa_CO2":[8,9.46938775510204,10.938775510204081,12.408163265306122,13.877551020408163,15.346938775510203,16.816326530612244,18.285714285714285,19.755102040816325,21.224489795918366,22.693877551020407,24.16326530612245,25.63265306122449,27.102040816326532,28.571428571428573,30.040816326530614,31.510204081632654,32.9795918367347,34.44897959183673,35.91836734693878,37.38775510204081,38.85714285714286,40.3265306122449,41.79591836734694,43.26530612244898,44.734693877551024,46.204081632653065,47.673469387755105,49.142857142857146,50.61224489795919,52.08163265306123,53.55102040816327,55.02040816326531,56.48979591836735,57.95918367346939,59.42857142857143,60.89795918367347,62.36734693877551,63.83673469387755,65.3061224489796,66.77551020408163,68.24489795918367,69.71428571428572,71.18367346938776,72.6530612244898,74.12244897959184,75.59183673469389,77.06122448979592,78.53061224489797,80],"t":[99,199,299,399,499,599,699,799,899,999,1099,1199,1299,1399,1499,1599,1699,1799,1899,1999,2099,2199,2299,2399,2499,2599,2699,2799,2899,2999,3099,3199,3299,3399,3499,3599,3699,3799,3899,3999,4099,4199,4299,4399,4499,4599,4699,4799,4899,4999]},"sao2":{"CBF":[0.02182694531197136,0.0216921497576718,0.02155771544322707,0.021424061180480774,0.021290815115076415,0.021157643588551732,0.021024245988143758,0.0208903467174766,0.020755688812087336,0.02062002873385336,0.020483132004086115,0.020344769443559382,0.020204713874515147,0.020062737208644477,0.01991860791024458,0.0197720888775367,0.01962293582895372,0.019470896301535853,0.019315709354721097,0.019157106019201297,0.0189948104408304,0.0188285415677644,0.018658015146268553,0.018482945762208103,0.01830304870484446,0.01811804152656967,0.017927645294824907,0.017731585642931574,0.017529593801253657,0.017321407815334054,0.017106774151621883,0.016885449856691142,0.01665720539535943,0.01642182824925126,0.016179127329516187,0.01592893820119719,0.015671129117603,0.015405607795090884,0.015132328846945086,0.014851301744944739,0.01456259912779864,0.014266365242455859,0.013962824239446031,0.01365228800975189,0.013335163196224438,0.013011956983483463,0.012683281235376433,0.01234985453102579,0.012012501643772745,0.01167215001979742],"SaO2sup":[0.2,0.2163265306122449,0.2326530612244898,0.2489795918367347,0.2653061224489796,0.28163265306122454,0.2979591836734694,0.3142857142857143,0.3306122448979592,0.34693877551020413,0.363265306122449,0.3795918367346939,0.3959183673469388,0.41224489795918373,0.4285714285714286,0.4448979591836735,0.4612244897959184,0.4775510204081633,0.4938775510204082,0.5102040816326532,0.526530612244898,0.5428571428571429,0.5591836734693878,0.5755102040816327,0.5918367346938775,0.6081632653061224,0.6244897959183674,0.6408163265306124,0.6571428571428573,0.6734693877551021,0.689795918367347,0.7061224489795919,0.7224489795918367,0.7387755102040816,0.7551020408163265,0.7714285714285716,0.7877551020408164,0.8040816326530613,0.8204081632653062,0.8367346938775511,0.8530612244897959,0.8693877551020408,0.8857142857142857,0.9020408163265308,0.9183673469387756,0.9346938775510205,0.9510204081632654,0.9673469387755103,0.9836734693877551,1],"t":[99,199,299,399,499,599,699,799,899,999,1099,1199,1299,1399,1499,1599,1699,1799,1899,1999,2099,2199,2299,2399,2499,2599,2699,2799,2899,2999,3099,3199,3299,3399,3499,3599,3699,3799,3899,3999,4099,4199,4299,4399,4499,4599,4699,4799,4899,4999]}}
