{"pa":{"CBF":[0.002897640557247787,0.003956659139979124,0.005034377322731794,0.006116540543687127,0.007181043418924303,0.008205222157072202,0.009165650985708755,0.010038623952285813,0.010801541369679287,0.011435346474271803,0.011927834558650204,0.012277047365132927,0.012493262076814404,0.012598150893370458,0.012620977080561844,0.012593407274430014,0.012545097347245385,0.012501233097720825,0.01248191296004727,0.01250262937800156,0.012575116981826132,0.012708199783277802,0.01290845040637322,0.013180665800626271,0.013528197149868519,0.013953188518246916,0.01445676086148132,0.015039184203047692,0.015700038583351297,0.016438372756702176,0.017252859475943,0.018141930820500144,0.019103895929193027,0.020137033190738285,0.021239657420224767,0.022410163159778423,0.023647046627173682,0.024948911444001777,0.026314460686349413,0.027742480095362794,0.029231813172978894,0.030781336846350923,0.0323899258769069,0.03405643069137612,0.03577964436148297,0.03755828013632214,0.03939094922803378,0.041276143603434734,0.04321222810280183,0.045197427976601985,0.04321220251575965,0.04127611264505969,0.03939090959257244,0.03755823315295644,0.03577958739122268,0.03405636188599028,0.03238984325476249,0.030781237337206117,0.029231695601069696,0.027742340143356824,0.02631429586160008,0.024948718839313728,0.023646822980022242,0.02240990756397194,0.021239368093338692,0.020136710085744924,0.019103541899323225,0.01814155134097966,0.01725246303758184,0.01643797178252082,0.015699648919783805,0.015038825888287897,0.014456454403982171,0.013952953848048335,0.013528053664559017,0.013180625923329812,0.012908520694615058,0.012708379623380983,0.01257539549832067,0.012502993447711169,0.012482343047710232,0.0125017088758428,0.01254559652231192,0.012593905021300403,0.012621445377654649,0.012598555629931344,0.012493559946758683,0.01227719101023841,0.011927780951243071,0.011435080139289403,0.010801078803902745,0.01003800846569927,0.009164941385752138,0.00820447706977758,0.007180313064319205,0.006115863129638165,0.005033781065660156,0.003956239782040002,0.002897479913191268],"P_a":[20,24.693877551020407,29.387755102040817,34.08163265306123,38.775510204081634,43.46938775510204,48.163265306122454,52.85714285714286,57.55102040816327,62.244897959183675,66.93877551020408,71.63265306122449,76.32653061224491,81.0204081632653,85.71428571428572,90.40816326530613,95.10204081632654,99.79591836734694,104.48979591836735,109.18367346938776,113.87755102040816,118.57142857142858,123.26530612244899,127.9591836734694,132.65306122448982,137.3469387755102,142.0408163265306,146.73469387755102,151.42857142857144,156.12244897959184,160.81632653061226,165.51020408163265,170.20408163265307,174.8979591836735,179.59183673469389,184.2857142857143,188.9795918367347,193.67346938775512,198.3673469387755,203.06122448979593,207.75510204081633,212.44897959183675,217.14285714285717,221.83673469387756,226.53061224489798,231.22448979591837,235.9183673469388,240.6122448979592,245.3061224489796,250,245.3061224489796,240.6122448979592,235.9183673469388,231.22448979591837,226.53061224489798,221.83673469387756,217.14285714285717,212.44897959183675,207.75510204081633,203.06122448979593,198.3673469387755,193.67346938775512,188.9795918367347,184.2857142857143,179.59183673469389,174.8979591836735,170.20408163265307,165.51020408163265,160.81632653061226,156.12244897959184,151.42857142857144,146.73469387755102,142.0408163265306,137.3469387755102,132.65306122448982,127.9591836734694,123.26530612244899,118.57142857142858,113.87755102040816,109.18367346938776,104.48979591836735,99.79591836734694,95.10204081632654,90.40816326530613,85.71428571428572,81.0204081632653,76.32653061224491,71.63265306122449,66.93877551020408,62.244897959183675,57.55102040816327,52.85714285714286,48.163265306122454,43.46938775510204,38.775510204081634,34.08163265306123,29.387755102040817,24.693877551020407,20],"t":[0,100,200,300,400,500,600,700,800,900,1000,1100,1200,1300,1400,1500,1600,1700,1800,1900,2000,2100,2200,2300,2400,2500,2600,2700,2800,2900,3000,3100,3200,3300,3400,3500,3600,3700,3800,3900,4000,4100,4200,4300,4400,4500,4600,4700,4800,4900,5000,5100,5200,5300,5400,5500,5600,5700,5800,5900,6000,6100,6200,6300,6400,6500,6600,6700,6800,6900,7000,7100,7200,7300,7400,7500,7600,7700,7800,7900,8000,8100,8200,8300,8400,8500,8600,8700,8800,8900,9000,9100,9200,9300,9400,9500,9600,9700,9800]},"sao2":{"CBF":[0.024473426530952653,0.02376747806996978,0.023430450310841067,0.02315550866416615,0.02291953159740814,0.022706559365761422,0.022508578330602963,0.022320921347044772,0.02214056972270479,0.021965435097027267,0.021793980874473158,0.021625027899002353,0.021457635355051213,0.021291025400254415,0.02112453500067587,0.02095758316648494,0.0207896449903285,0.020620236232517908,0.020448895703321042,0.02027517630509673,0.020098633753464445,0.01991881922585227,0.01973527042353558,0.019547508529146048,0.019355033182050542,0.019157325545402663,0.01895384923333273,0.018744053134598496,0.018527382595184123,0.018303279088119954,0.018071191318974292,0.01783057451721191,0.017580898723849055,0.017321644561688474,0.017052316517555496,0.01677244275525366,0.01648158656724731,0.01617935893350207,0.015865431510440384,0.015539557027540032,0.015201588687515491,0.014851503947796212,0.014489429464129708,0.014115666779577164,0.01373071747411608,0.013335306753456764,0.012930400680484226,0.012517219208566032,0.012097247169471012,0.011672219894855814,0.012096314902538038,0.012516091783779743,0.012929077742728109,0.013333797408795332,0.013729031783798001,0.014113821039486066,0.014487441822160649,0.014849395057796862,0.015199379231676424,0.015537267208082753,0.015863080449320534,0.016176963624088592,0.016479162980017843,0.016770004229526007,0.017049874739700942,0.0173192089602319,0.017578475750422366,0.01782817357819918,0.018068813988293513,0.018300929790853238,0.018525064304785774,0.0187417666559498,0.0189515940630672,0.019155101451159035,0.019352838430254336,0.019545340651636465,0.01973312858784182,0.019916700172366936,0.020096534857787885,0.020273094273938586,0.02044682731327596,0.020618178369166042,0.020787593235850117,0.020955532904509577,0.021122481553460408,0.021288962609348403,0.021455556570200363,0.021622924678642047,0.021791842700903813,0.021963249224554626,0.02213831972454572,0.022318582464699796,0.02250611944790354,0.02270392969152655,0.02291664965632046,0.023152218751917655,0.02342649135582034,0.023760168741877218,0.024468904359878897],