{"pa":{"CBF":[0.015490474817224355,0.015120675266574379,0.014776026028054792,0.014456531880082425,0.014162245942043261,0.013893151281593581,0.013649151028105714,0.01343005896531266,0.013235589998732587,0.013065350263050751,0.012918826497536626,0.012795374127098837,0.012694203329496868,0.012614362197584229,0.012554715988892042,0.012513921405363037,0.012490394928269475,0.012482274527608552,0.0124873746916533,0.012503135837569056,0.012526570944754366,0.012554214836893342,0.012582084905200455,0.012605665836528088,0.012619934119892795,0.012619439073534315,0.012598453712515672,0.012551199238249624,0.012472131452142116,0.012356259366791909,0.012199452086251743,0.011998686390607284,0.01175219750509871,0.011459516275850783,0.011121399648330853,0.010739679741262054,0.010317065350508288,0.009856928653588753,0.009363102647362762,0.008839705512853834,0.008290999639392463,0.007721286860200851,0.007134837743148541,0.006535851103130972,0.005928439679403696,0.005316638803721139,0.0047044373563355415,0.004095837504803639,0.0034949712906435317,0.0028975722980241567],"P_a":[150,147.34693877551018,144.69387755102042,142.0408163265306,139.3877551020408,136.73469387755102,134.0816326530612,131.42857142857142,128.77551020408163,126.12244897959184,123.46938775510203,120.81632653061224,118.16326530612244,115.51020408163265,112.85714285714285,110.20408163265306,107.55102040816325,104.89795918367346,102.24489795918367,99.59183673469387,96.93877551020408,94.28571428571428,91.63265306122449,88.97959183673468,86.3265306122449,83.67346938775509,81.0204081632653,78.36734693877551,75.71428571428571,73.06122448979592,70.40816326530611,67.75510204081633,65.10204081632654,62.44897959183673,59.795918367346935,57.14285714285714,54.48979591836734,51.836734693877546,49.183673469387756,46.53061224489796,43.87755102040816,41.224489795918366,38.57142857142857,35.91836734693877,33.265306122448976,30.612244897959183,27.959183673469386,25.306122448979593,22.653061224489797,20],"t":[99,199,299,399,499,599,699,799,899,999,1099,1199,1299,1399,1499,1599,1699,1799,1899,1999,2099,2199,2299,2399,2499,2599,2699,2799,2899,2999,3099,3199,3299,3399,3499,3599,3699,3799,3899,3999,4099,4199,4299,4399,4499,4599,4699,4799,4899,4999]},"paco2":{"CBF":[0.02576367063986846,0.025478828848289413,0.025174168630863594,0.024848625919702917,0.024501330900007258,0.024131517046476217,0.02373856340109156,0.023322045510139087,0.022881794035661575,0.022417959470345108,0.021931079720506553,0.021422145237154227,0.02089265413136211,0.0203446478452034,0.01978071723083706,0.01920397017421712,0.018617955751351712,0.018026546165744575,0.01743378521849781,0.01684371879788029,0.016260226705627948,0.01568687474417303,0.01512680152611373,0.0145826474881239,0.014056526256614923,0.013550032694537518,0.013064278608898739,0.012599946207992995,0.012157350327591725,0.011736502360891847,0.011337171004373153,0.010958936910215517,0.010601239886987603,0.01026341837963593,0.009944741637397978,0.009644435345834309,0.009361701646042594,0.009095734476508532,0.008845731105189205,0.008610900617255998,0.008390470008209309,0.008183688419297085,0.007989829952430638,0.007808195411786539,0.007638113247500379,0.007478939914683565,0.00733005981248697,0.007190884928792787,0.007060854284100344,0.006939433244925335],"Pa_CO2":[80,78.53061224489797,77.06122448979592,75.59183673469389,74.12244897959184,72.6530612244898,71.18367346938776,69.71428571428572,68.24489795918367,66.77551020408163,65.3061224489796,63.83673469387755,62.36734693877551,60.89795918367347,59.42857142857143,57.95918367346939,56.48979591836735,55.02040816326531,53.55102040816327,52.08163265306123,50.61224489795919,49.142857142857146,47.673469387755105,46.204081632653065,44.734693877551024,43.26530612244898,41.79591836734694,40.3265306122449,38.85714285714286,37.38775510204081,35.91836734693878,34.44897959183673,32.9795918367347,31.510204081632654,30.040816326530614,28.571428571428573,27.102040816326532,25.63265306122449,24.16326530612245,22.693877551020407,21.224489795918366,19.755102040816325,18.285714285714285,16.816326530612244,15.346938775510203,13.877551020408163,12.408163265306122,10.938775510204081,9.46938775510204,8],"t":[99,199,299,399,499,599,699,799,899,999,1099,1199,1299,1399,1499,1599,1699,1799,1899,1999,2099,2199,2299,2399,2499,2599,2699,2799,2899,2999,3099,3199,3299,3399,3499,3599,3699,3799,3899,3999,4099,4199,4299,4399,4499,4599,4699,4799,4899,4999]},"sao2":{"CBF":[0.011671861905731079,0.012011788149264891,0.012349017447506029,0.012682319247655456,0.013010871315337916,0.013333957679289916,0.013650968702937397,0.013961398985158625,0.014264843203357337,0.014560990338243754,0.014849616701905419,0.015130578154860332,0.015403801872361775,0.01566927796742744,0.015927051239599293,0.016177213268779404,0.01641989502484275,0.016655260132825027,0.016883498865842502,0.01710482294318461,0.017319461131793404,0.01752765565768405,0.017729659372550846,0.0179257335968947,0.018116146512700687,0.01830117194611947,0.018481088335594975,0.018656177679366295,0.01882672428575008,0.018993013214493395,0.01915532841379411,0.019313950678502063,0.019469155651399356,0.01962121213076008,0.01977038091874844,0.019916914363442433,0.02006105664525587,0.02020304476933733,0.02034311017057488,0.02048148082456378,0.02061838377764505,0.020754048051767223,0.020888707935420595,0.02102260673490632,0.021156001130386914,0.02128916636725398,0.02142240262105104,0.021556043032821753,0.02169046414499557,0.021826099838196677],"SaO2sup":[1,0.9836734693877551,0.9673469387755103,0.9510204081632654,0.9346938775510205,0.9183673469387756,0.9020408163265308,0.8857142857142857,0.8693877551020408,0.8530612244897959,0.8367346938775511,0.8204081632653062,0.8040816326530613,0.7877551020408164,0.7714285714285716,0.7551020408163265,0.7387755102040816,0.7224489795918367,0.7061224489795919,0.689795918367347,0.6734693877551021,0.6571428571428573,0.6408163265306124,0.6244897959183674,0.6081632653061224,0.5918367346938775,0.5755102040816327,0.5591836734693878,0.5428571428571429,0.526530612244898,0.5102040816326532,0.4938775510204082,0.4775510204081633,0.4612244897959184,0.4448979591836735,0.4285714285714286,0.41224489795918373,0.3959183673469388,0.3795918367346939,0.363265306122449,0.34693877551020413,0.3306122448979592,0.3142857142857143,0.2979591836734694,0.28163265306122454,0.2653061224489796,0.2489795918367347,0.2326530612244898,0.2163265306122449,0.2],"t":[99,199,299,399,499,599,699,799,899,999,1099,1199,1299,1399,1499,1599,1699,1799,1899,1999,2099,2199,2299,2399,2499,2599,2699,2799,2899,2999,3099,3199,3299,3399,3499,3599,3699,3799,3899,3999,4099,4199,4299,4399,4499,4599,4699,4799,4899,4999]}}
