{"pa":{"CBF":[0.002897640557247787,0.003956659139979124,0.005034377322731794,0.006116540543687127,0.007181043418924303,0.008205222157072202,0.009165650985708755,0.010038623952285813,0.010801541369679287,0.011435346474271803,0.011927834558650204,0.012277047365132927,0.012493262076814404,0.012598150893370458,0.012620977080561844,0.012593407274430014,0.012545097347245385,0.012501233097720825,0.01248191296004727,0.01250262937800156,0.012575116981826132,0.012708199783277802,0.01290845040637322,0.013180665800626271,0.013528197149868519,0.013953188518246916,0.01445676086148132,0.015039184203047692,0.015700038583351297,0.016438372756702176,0.017252859475943,0.018141930820500144,0.019103895929193027,0.020137033190738285,0.021239657420224767,0.022410163159778423,0.023647046627173682,0.024948911444001777,0.026314460686349413,0.027742480095362794,0.029231813172978894,0.030781336846350923,0.0323899258769069,0.03405643069137612,0.03577964436148297,0.03755828013632214,0.03939094922803378,0.041276143603434734,0.04321222810280183,0.045197427976601985],"P_a":[20,24.693877551020407,29.387755102040817,34.08163265306123,38.775510204081634,43.46938775510204,48.163265306122454,52.85714285714286,57.55102040816327,62.244897959183675,66.93877551020408,71.63265306122449,76.32653061224491,81.0204081632653,85.71428571428572,90.40816326530613,95.10204081632654,99.79591836734694,104.48979591836735,109.18367346938776,113.87755102040816,118.57142857142858,123.26530612244899,127.9591836734694,132.65306122448982,137.3469387755102,142.0408163265306,146.73469387755102,151.42857142857144,156.12244897959184,160.81632653061226,165.51020408163265,170.20408163265307,174.8979591836735,179.59183673469389,184.2857142857143,188.9795918367347,193.67346938775512,198.3673469387755,203.06122448979593,207.75510204081633,212.44897959183675,217.14285714285717,221.83673469387756,226.53061224489798,231.22448979591837,235.9183673469388,240.6122448979592,245.3061224489796,250],"t":[0,100,200,300,400,500,600,700,800,900,1000,1100,1200,1300,1400,1500,1600,1700,1800,1900,2000,2100,2200,2300,2400,2500,2600,2700,2800,2900,3000,3100,3200,3300,3400,3500,3600,3700,3800,3900,4000,4100,4200,4300,4400,4500,4600,4700,4800,4900]},"sao2":{"CBF":[0.024473426530952653,0.02376747806996978,0.023430450310841067,0.02315550866416615,0.02291953159740814,0.022706559365761422,0.022508578330602963,0.022320921347044772,0.02214056972270479,0.021965435097027267,0.021793980874473158,0.021625027899002353,0.021457635355051213,0.021291025400254415,0.02112453500067587,0.02095758316648494,0.0207896449903285,0.020620236232517908,0.020448895703321042,0.02027517630509673,0.020098633753464445,0.01991881922585227,0.01973527042353558,0.019547508529146048,0.019355033182050542,0.019157325545402663,0.01895384923333273,0.018744053134598496,0.018527382595184123,0.018303279088119954,0.018071191318974292,0.01783057451721191,0.017580898723849055,0.017321644561688474,0.017052316517555496,0.01677244275525366,0.01648158656724731,0.01617935893350207,0.015865431510440384,0.015539557027540032,0.015201588687515491,0.014851503947796212,0.014489429464129708,0.014115666779577164,0.01373071747411608,0.013335306753456764,0.012930400680484226,0.012517219208566032,0.012097247169471012,0.011672219894855814],"SaO2sup":[0,0.02040816326530612,0.04081632653061224,0.061224489795918366,0.08163265306122448,0.1020408163265306,0.12244897959183673,0.14285714285714285,0.16326530612244897,0.18367346938775508,0.2040816326530612,0.22448979591836732,0.24489795918367346,0.26530612244897955,0.2857142857142857,0.3061224489795918,0.32653061224489793,0.3469387755102041,0.36734693877551017,0.3877551020408163,0.4081632653061224,0.42857142857142855,0.44897959183673464,0.4693877551020408,0.4897959183673469,0.5102040816326531,0.5306122448979591,0.5510204081632653,0.5714285714285714,0.5918367346938775,0.6122448979591836,0.6326530612244897,0.6530612244897959,0.673469387755102,0.6938775510204082,0.7142857142857142,0.7346938775510203,0.7551020408163265,0.7755102040816326,0.7959183673469387,0.8163265306122448,0.836734693877551,0.8571428571428571,0.8775510204081632,0.8979591836734693,0.9183673469387754,0.9387755102040816,0.9591836734693877,0.9795918367346939,1],"t":[0,100,200,300,400,500,600,700,800,900,1000,1100,1200,1300,1400,1500,1600,1700,1800,1900,2000,2100,2200,2300,2400,2500,2600,2700,2800,2900,3000,3100,3200,3300,3400,3500,3600,3700,3800,3900,4000,4100,4200,4300,4400,4500,4600,4700,4800,4900]},"paco2":{"CBF":[0.006939508037586868,0.007096274419648448,0.0072672493124389895,0.007453661641241667,0.007656720252721372,0.007877707882503426,0.008117981774078971,0.00837897391712643,0.008662186926197557,0.008969190909917168,0.009301611984589939,0.009661116465933376,0.010049385209197372,0.010468071574291412,0.010918751184022461,0.011402842039087032,0.011921496347425477,0.012475476104641715,0.013064970566468511,0.013689411023846916,0.014347244142627317,0.015035737667165362,0.015750810081515416,0.016486988376659864,0.01723749535861485,0.017994530860907167,0.0187497176303308,0.019494660627111835,0.02022151562423497,0.020923457309400477,0.02159499398677761,0.022232088493399076,0.02283212858487019,0.02339375449855383,0.02391667168747255,0.024401397363505946,0.02484906491411018,0.02526123160035225,0.025639728797370347,0.025986547021957504,0.026303748142888883,0.02659340108952409,0.026857537849690534,0.027098120788512786,0.02731702324887325,0.027516018263990714,0.027696771163340104,0.02786083724371405,0.028009662798753297,0.02814458644134349],"Pa_CO2":[8,9.877551020408163,11.755102040816327,13.63265306122449,15.510204081632654,17.387755102040817,19.26530612244898,21.142857142857146,23.02040816326531,24.89795918367347,26.775510204081634,28.653061224489797,30.53061224489796,32.40816326530612,34.28571428571429,36.163265306122454,38.04081632653062,39.91836734693878,41.79591836734694,43.673469387755105,45.55102040816327,47.42857142857143,49.30612244897959,51.183673469387756,53.06122448979592,54.93877551020408,56.816326530612244,58.693877551020414,60.57142857142858,62.44897959183674,64.32653061224491,66.20408163265307,68.08163265306123,69.9591836734694,71.83673469387756,73.71428571428572,75.59183673469389,77.46938775510205,79.34693877551021,81.22448979591837,83.10204081632654,84.9795918367347,86.85714285714286,88.73469387755102,90.61224489795919,92.48979591836735,94.36734693877551,96.24489795918367,98.12244897959184,100],"t":[0,100,200,300,400,500,600,700,800,900,1000,1100,1200,1300,1400,1500,1600,1700,1800,1900,2000,2100,2200,2300,2400,2500,2600,2700,2800,2900,3000,3100,3200,3300,3400,3500,3600,3700,3800,3900,4000,4100,4200,4300,4400,4500,4600,4700,4800,4900]}}
