{"pa":{"CBF":[0.002897640557247787,0.003956659139979124,0.005034377322731794,0.006116540543687127,0.007181043418924303,0.008205222157072202,0.009165650985708755,0.010038623952285813,0.010801541369679287,0.011435346474271803,0.011927834558650204,0.012277047365132927,0.012493262076814404,0.012598150893370458,0.012620977080561844,0.012593407274430014,0.012545097347245385,0.012501233097720825,0.01248191296004727,0.01250262937800156,0.012575116981826132,0.012708199783277802,0.01290845040637322,0.013180665800626271,0.013528197149868519,0.013953188518246916,0.01445676086148132,0.015039184203047692,0.015700038583351297,0.016438372756702176,0.017252859475943,0.018141930820500144,0.019103895929193027,0.020137033190738285,0.021239657420224767,0.022410163159778423,0.023647046627173682,0.024948911444001777,0.026314460686349413,0.027742480095362794,0.029231813172978894,0.030781336846350923,0.0323899258769069,0.03405643069137612,0.03577964436148297,0.03755828013632214,0.03939094922803378,0.041276143603434734,0.04321222810280183,0.045197427976601985],"P_a":[20,24.693877551020407,29.387755102040817,34.08163265306123,38.775510204081634,43.46938775510204,48.163265306122454,52.85714285714286,57.55102040816327,62.244897959183675,66.93877551020408,71.63265306122449,76.32653061224491,81.0204081632653,85.71428571428572,90.40816326530613,95.10204081632654,99.79591836734694,104.48979591836735,109.18367346938776,113.87755102040816,118.57142857142858,123.26530612244899,127.9591836734694,132.65306122448982,137.3469387755102,142.0408163265306,146.73469387755102,151.42857142857144,156.12244897959184,160.81632653061226,165.51020408163265,170.20408163265307,174.8979591836735,179.59183673469389,184.2857142857143,188.9795918367347,193.67346938775512,198.3673469387755,203.06122448979593,207.75510204081633,212.44897959183675,217.14285714285717,221.83673469387756,226.53061224489798,231.22448979591837,235.9183673469388,240.6122448979592,245.3061224489796,250],"t":[0,100,200,300,400,500,600,700,800,900,1000,1100,1200,1300,1400,1500,1600,1700,1800,1900,2000,2100,2200,2300,2400,2500,2600,2700,2800,2900,3000,3100,3200,3300,3400,3500,3600,3700,3800,3900,4000,4100,4200,4300,4400,4500,4600,4700,4800,4900]},"sao2":{"CBF":[0.011671861905731079,0.01209631451810125,0.012516092236354276,0.012929078813980976,0.013333797327115956,0.0137290322734771,0.014113821042965248,0.014487441823241905,0.014849395057632182,0.015199379231519494,0.01553726720803184,0.015863080449312658,0.0161769636240876,0.016479162980017587,0.016770004229526056,0.017049874739700887,0.017319208960231935,0.01757847575042298,0.01782817357819503,0.018068813988293658,0.018300929790848162,0.018525064304785937,0.01874176665594936,0.01895159406306782,0.01915510145115912,0.019352838430254402,0.01954534065163579,0.019733128587843436,0.019916700172366845,0.020096534857787767,0.020273094273939876,0.020446827313276673,0.020618178369164988,0.020787593235850145,0.02095553290450963,0.021122481553460366,0.021288962609348365,0.021455556570199767,0.0216229246786464,0.021791842700903348,0.021963249224554327,0.022138319724546475,0.022318582464699855,0.022506119447903192,0.022703929691526813,0.022916649656304064,0.023152218751917992,0.023426491355820325,0.023760168741876826,0.024468904351986252],"SaO2sup":[1,0.9795918367346939,0.9591836734693877,0.9387755102040816,0.9183673469387754,0.8979591836734693,0.8775510204081632,0.8571428571428571,0.836734693877551,0.8163265306122448,0.7959183673469387,0.7755102040816326,0.7551020408163265,0.7346938775510203,0.7142857142857142,0.6938775510204082,0.673469387755102,0.6530612244897959,0.6326530612244897,0.6122448979591836,0.5918367346938775,0.5714285714285714,0.5510204081632653,0.5306122448979591,0.5102040816326531,0.4897959183673469,0.4693877551020408,0.44897959183673464,0.42857142857142855,0.4081632653061224,0.3877551020408163,0.36734693877551017,0.3469387755102041,0.32653061224489793,0.3061224489795918,0.2857142857142857,0.26530612244897955,0.24489795918367346,0.22448979591836732,0.2040816326530612,0.18367346938775508,0.16326530612244897,0.14285714285714285,0.12244897959183673,0.1020408163265306,0.08163265306122448,0.061224489795918366,0.04081632653061224,0.02040816326530612,0],"t":[0,100,200,300,400,500,600,700,800,900,1000,1100,1200,1300,1400,1500,1600,1700,1800,1900,2000,2100,2200,2300,2400,2500,2600,2700,2800,2900,3000,3100,3200,3300,3400,3500,3600,3700,3800,3900,4000,4100,4200,4300,4400,4500,4600,4700,4800,4900]},"paco2":{"CBF":[0.028144560137804656,0.028009601631736436,0.027860763185295623,0.027696681687398313,0.02751591029172961,0.027316893354702228,0.027097965115825046,0.026857352263409823,0.026593180663209134,0.0263034857397675,0.025986238511061514,0.025639365527445106,0.025260808799619443,0.02484857625874536,0.024400837019636315,0.023916033394513758,0.023393038641784804,0.02283133515734288,0.022231222960378667,0.021594061977977773,0.020922474678448835,0.02022049849985421,0.019493624983931482,0.0187486783527859,0.01799350340222368,0.01723649308664483,0.016486018478145667,0.015749877000991494,0.01503484279953065,0.014346388770646663,0.013688593567511263,0.01306419222047658,0.012474734415537895,0.011920791638771116,0.011402173191134356,0.010918118743358789,0.010467474712898647,0.010048824126453047,0.00966059099231585,0.009301121547096938,0.008968735569377264,0.008661766036942117,0.008378586753677579,0.008117627724880082,0.007877385284031866,0.007656427700676111,0.007453397654374198,0.007267013050426579,0.007096063775695596,0.006939411536037603],"Pa_CO2":[100,98.12244897959184,96.24489795918367,94.36734693877551,92.48979591836735,90.61224489795919,88.73469387755102,86.85714285714286,84.9795918367347,83.10204081632654,81.22448979591837,79.34693877551021,77.46938775510205,75.59183673469389,73.71428571428572,71.83673469387756,69.9591836734694,68.08163265306123,66.20408163265307,64.32653061224491,62.44897959183674,60.57142857142858,58.693877551020414,56.816326530612244,54.93877551020408,53.06122448979592,51.183673469387756,49.30612244897959,47.42857142857143,45.55102040816327,43.673469387755105,41.79591836734694,39.91836734693878,38.04081632653062,36.163265306122454,34.28571428571429,32.40816326530612,30.53061224489796,28.653061224489797,26.775510204081634,24.89795918367347,23.02040816326531,21.142857142857146,19.26530612244898,17.387755102040817,15.510204081632654,13.63265306122449,11.755102040816327,9.877551020408163,8],"t":[0,100,200,300,400,500,600,700,800,900,1000,1100,1200,1300,1400,1500,1600,1700,1800,1900,2000,2100,2200,2300,2400,2500,2600,2700,2800,2900,3000,3100,3200,3300,3400,3500,3600,3700,3800,3900,4000,4100,4200,4300,4400,4500,4600,4700,4800,4900]}}
